timestamp,ch1,ch2,ch3,ch4,ch5,ch6,ch7,ch8
0.00,0.00000,2.38403,4.67302,6.77571,8.60827,10.09765,11.18447,11.82540
0.01,9.99842,11.78654,13.22218,14.24810,14.82340,14.92515,14.54928,13.71079
0.02,16.88906,17.39827,17.43219,16.98948,16.08777,14.76302,13.06804,11.07041
0.03,18.65129,17.68709,16.30635,14.56410,12.52980,10.28457,7.91790,5.52415
0.04,15.03764,12.96832,10.70029,8.32399,5.93414,3.62602,1.49165,-0.38388
0.05,7.60845,5.22442,2.93543,0.83274,-0.99982,-2.48920,-3.57602,-4.21694
0.06,-0.88932,-2.67744,-4.11308,-5.13900,-5.71430,-5.81605,-5.44018,-4.60169
0.07,-7.55865,-8.06786,-8.10179,-7.65907,-6.75736,-5.43261,-3.73763,-1.74000
0.08,-10.41001,-9.44581,-8.06506,-6.32281,-4.28852,-2.04328,0.32338,2.71713
0.09,-9.04294,-6.97362,-4.70560,-2.32930,0.06055,2.36867,4.50304,6.37858
0.10,-4.70228,-2.31825,-0.02926,2.07343,3.90599,5.39537,6.48219,7.12311
0.11,0.29880,2.08692,3.52256,4.54848,5.12378,5.22553,4.84966,4.01117
0.12,3.55438,4.06359,4.09752,3.65480,2.75309,1.42834,-0.26663,-2.26427
0.13,3.55438,2.59018,1.20943,-0.53282,-2.56711,-4.81235,-7.17902,-9.57277
0.14,0.29880,-1.77052,-4.03854,-6.41485,-8.80470,-11.11281,-13.24719,-15.12272
0.15,-4.70228,-7.08631,-9.37530,-11.47799,-13.31056,-14.79993,-15.88675,-16.52768
0.16,-9.04294,-10.83107,-12.26670,-13.29262,-13.86793,-13.96967,-13.59381,-12.75532
0.17,-10.41001,-10.91922,-10.95315,-10.51043,-9.60873,-8.28398,-6.58900,-4.59136
0.18,-7.55865,-6.59445,-5.21370,-3.47145,-1.43716,0.80808,3.17475,5.56850
0.19,-0.88932,1.18000,3.44803,5.82433,8.21418,10.52230,12.65667,14.53220
0.20,7.60845,9.99248,12.28147,14.38416,16.21673,17.70610,18.79292,19.43385
0.21,15.03764,16.82576,18.26140,19.28732,19.86262,19.96437,19.58850,18.75001
0.22,18.65129,19.16051,19.19443,18.75172,17.85001,16.52526,14.83028,12.83265
0.23,16.88906,15.92485,14.54411,12.80186,10.76756,8.52233,6.15566,3.76191
0.24,9.99842,7.92910,5.66108,3.28477,0.89492,-1.41319,-3.54757,-5.42310
0.25,0.00000,-2.38403,-4.67302,-6.77571,-8.60827,-10.09765,-11.18447,-11.82540
0.26,-9.99842,-11.78654,-13.22218,-14.24810,-14.82340,-14.92515,-14.54928,-13.71079
0.27,-16.88906,-17.39827,-17.43219,-16.98948,-16.08777,-14.76302,-13.06804,-11.07041
0.28,-18.65129,-17.68709,-16.30635,-14.56410,-12.52980,-10.28457,-7.91790,-5.52415
0.29,-15.03764,-12.96832,-10.70029,-8.32399,-5.93414,-3.62602,-1.49165,0.38388
0.30,-7.60845,-5.22442,-2.93543,-0.83274,0.99982,2.48920,3.57602,4.21694
0.31,0.88932,2.67744,4.11308,5.13900,5.71430,5.81605,5.44018,4.60169
0.32,7.55865,8.06786,8.10179,7.65907,6.75736,5.43261,3.73763,1.74000
0.33,10.41001,9.44581,8.06506,6.32281,4.28852,2.04328,-0.32338,-2.71713
0.34,9.04294,6.97362,4.70560,2.32930,-0.06055,-2.36867,-4.50304,-6.37858
0.35,4.70228,2.31825,0.02926,-2.07343,-3.90599,-5.39537,-6.48219,-7.12311
0.36,-0.29880,-2.08692,-3.52256,-4.54848,-5.12378,-5.22553,-4.84966,-4.01117
0.37,-3.55438,-4.06359,-4.09752,-3.65480,-2.75309,-1.42834,0.26663,2.26427
0.38,-3.55438,-2.59018,-1.20943,0.53282,2.56711,4.81235,7.17902,9.57277
0.39,-0.29880,1.77052,4.03854,6.41485,8.80470,11.11281,13.24719,15.12272
0.40,4.70228,7.08631,9.37530,11.47799,13.31056,14.79993,15.88675,16.52768
0.41,9.04294,10.83107,12.26670,13.29262,13.86793,13.96967,13.59381,12.75532
0.42,10.41001,10.91922,10.95315,10.51043,9.60873,8.28398,6.58900,4.59136
0.43,7.55865,6.59445,5.21370,3.47145,1.43716,-0.80808,-3.17475,-5.56850
0.44,0.88932,-1.18000,-3.44803,-5.82433,-8.21418,-10.52230,-12.65667,-14.53220
0.45,-7.60845,-9.99248,-12.28147,-14.38416,-16.21673,-17.70610,-18.79292,-19.43385
0.46,-15.03764,-16.82576,-18.26140,-19.28732,-19.86262,-19.96437,-19.58850,-18.75001
0.47,-18.65129,-19.16051,-19.19443,-18.75172,-17.85001,-16.52526,-14.83028,-12.83265
0.48,-16.88906,-15.92485,-14.54411,-12.80186,-10.76756,-8.52233,-6.15566,-3.76191
0.49,-9.99842,-7.92910,-5.66108,-3.28477,-0.89492,1.41319,3.54757,5.42310
0.50,-0.00000,2.38403,4.67302,6.77571,8.60827,10.09765,11.18447,11.82540
0.51,9.99842,11.78654,13.22218,14.24810,14.82340,14.92515,14.54928,13.71079
0.52,16.88906,17.39827,17.43219,16.98948,16.08777,14.76302,13.06804,11.07041
0.53,18.65129,17.68709,16.30635,14.56410,12.52980,10.28457,7.91790,5.52415
0.54,15.03764,12.96832,10.70029,8.32399,5.93414,3.62602,1.49165,-0.38388
0.55,7.60845,5.22442,2.93543,0.83274,-0.99982,-2.48920,-3.57602,-4.21694
0.56,-0.88932,-2.67744,-4.11308,-5.13900,-5.71430,-5.81605,-5.44018,-4.60169
0.57,-7.55865,-8.06786,-8.10179,-7.65907,-6.75736,-5.43261,-3.73763,-1.74000
0.58,-10.41001,-9.44581,-8.06506,-6.32281,-4.28852,-2.04328,0.32338,2.71713
0.59,-9.04294,-6.97362,-4.70560,-2.32930,0.06055,2.36867,4.50304,6.37858
0.60,-4.70228,-2.31825,-0.02926,2.07343,3.90599,5.39537,6.48219,7.12311
0.61,0.29880,2.08692,3.52256,4.54848,5.12378,5.22553,4.84966,4.01117
0.62,3.55438,4.06359,4.09752,3.65480,2.75309,1.42834,-0.26663,-2.26427
0.63,3.55438,2.59018,1.20943,-0.53282,-2.56711,-4.81235,-7.17902,-9.57277
0.64,0.29880,-1.77052,-4.03854,-6.41485,-8.80470,-11.11281,-13.24719,-15.12272
0.65,-4.70228,-7.08631,-9.37530,-11.47799,-13.31056,-14.79993,-15.88675,-16.52768
0.66,-9.04294,-10.83107,-12.26670,-13.29262,-13.86793,-13.96967,-13.59381,-12.75532
0.67,-10.41001,-10.91922,-10.95315,-10.51043,-9.60873,-8.28398,-6.58900,-4.59136
0.68,-7.55865,-6.59445,-5.21370,-3.47145,-1.43716,0.80808,3.17475,5.56850
0.69,-0.88932,1.18000,3.44803,5.82433,8.21418,10.52230,12.65667,14.53220
0.70,7.60845,9.99248,12.28147,14.38416,16.21673,17.70610,18.79292,19.43385
0.71,15.03764,16.82576,18.26140,19.28732,19.86262,19.96437,19.58850,18.75001
0.72,18.65129,19.16051,19.19443,18.75172,17.85001,16.52526,14.83028,12.83265
0.73,16.88906,15.92485,14.54411,12.80186,10.76756,8.52233,6.15566,3.76191
0.74,9.99842,7.92910,5.66108,3.28477,0.89492,-1.41319,-3.54757,-5.42310
0.75,0.00000,-2.38403,-4.67302,-6.77571,-8.60827,-10.09765,-11.18447,-11.82540
0.76,-9.99842,-11.78654,-13.22218,-14.24810,-14.82340,-14.92515,-14.54928,-13.71079
0.77,-16.88906,-17.39827,-17.43219,-16.98948,-16.08777,-14.76302,-13.06804,-11.07041
0.78,-18.65129,-17.68709,-16.30635,-14.56410,-12.52980,-10.28457,-7.91790,-5.52415
0.79,-15.03764,-12.96832,-10.70029,-8.32399,-5.93414,-3.62602,-1.49165,0.38388
0.80,-7.60845,-5.22442,-2.93543,-0.83274,0.99982,2.48920,3.57602,4.21694
0.81,0.88932,2.67744,4.11308,5.13900,5.71430,5.81605,5.44018,4.60169
0.82,7.55865,8.06786,8.10179,7.65907,6.75736,5.43261,3.73763,1.74000
0.83,10.41001,9.44581,8.06506,6.32281,4.28852,2.04328,-0.32338,-2.71713
0.84,9.04294,6.97362,4.70560,2.32930,-0.06055,-2.36867,-4.50304,-6.37858
0.85,4.70228,2.31825,0.02926,-2.07343,-3.90599,-5.39537,-6.48219,-7.12311
0.86,-0.29880,-2.08692,-3.52256,-4.54848,-5.12378,-5.22553,-4.84966,-4.01117
0.87,-3.55438,-4.06359,-4.09752,-3.65480,-2.75309,-1.42834,0.26663,2.26427
0.88,-3.55438,-2.59018,-1.20943,0.53282,2.56711,4.81235,7.17902,9.57277
0.89,-0.29880,1.77052,4.03854,6.41485,8.80470,11.11281,13.24719,15.12272
0.90,4.70228,7.08631,9.37530,11.47799,13.31056,14.79993,15.88675,16.52768
0.91,9.04294,10.83107,12.26670,13.29262,13.86793,13.96967,13.59381,12.75532
0.92,10.41001,10.91922,10.95315,10.51043,9.60873,8.28398,6.58900,4.59136
0.93,7.55865,6.59445,5.21370,3.47145,1.43716,-0.80808,-3.17475,-5.56850
0.94,0.88932,-1.18000,-3.44803,-5.82433,-8.21418,-10.52230,-12.65667,-14.53220
0.95,-7.60845,-9.99248,-12.28147,-14.38416,-16.21673,-17.70610,-18.79292,-19.43385
0.96,-15.03764,-16.82576,-18.26140,-19.28732,-19.86262,-19.96437,-19.58850,-18.75001
0.97,-18.65129,-19.16051,-19.19443,-18.75172,-17.85001,-16.52526,-14.83028,-12.83265
0.98,-16.88906,-15.92485,-14.54411,-12.80186,-10.76756,-8.52233,-6.15566,-3.76191
0.99,-9.99842,-7.92910,-5.66108,-3.28477,-0.89492,1.41319,3.54757,5.42310
